metric_date,note_id,impressions,clicks,likes,collects,comments,shares,follows,orders,gmv
2026-07-05,note_0001,1928,211,116,87,23,13,3,0,0.0
2026-07-06,note_0001,7107,865,365,130,85,41,23,2,840.75
2026-07-07,note_0001,8366,1052,307,386,25,21,34,2,840.57
2026-07-08,note_0001,6518,662,427,234,89,63,23,16,5929.35
2026-07-09,note_0001,11502,1380,415,214,69,33,6,52,16530.34
2026-07-10,note_0001,6069,407,370,68,17,59,31,12,4272.0
2026-07-11,note_0001,9480,631,208,243,57,72,34,3,1076.46
2026-07-12,note_0001,437,70,26,12,2,5,0,0,0.0
2026-07-13,note_0001,2171,281,129,63,10,21,3,6,2333.08
2026-07-14,note_0001,8241,1351,199,45,43,40,8,49,19969.35
2026-07-14,note_0002,11785,688,654,222,122,113,34,7,2905.85
2026-06-29,note_0003,13265,1924,931,531,159,56,9,38,4360.6
2026-06-30,note_0003,13104,2076,654,338,174,57,40,62,6379.15
2026-07-01,note_0003,3816,352,74,145,8,4,3,5,431.07
2026-07-02,note_0003,3885,305,256,220,56,12,19,10,1225.27
2026-07-03,note_0003,12947,1979,819,169,154,143,69,45,4768.25
2026-07-04,note_0003,4694,448,352,267,37,18,3,3,322.43
2026-07-05,note_0003,1052,63,72,50,9,12,2,1,85.56
2026-07-06,note_0003,7167,309,365,285,54,69,28,11,954.19
2026-07-07,note_0003,7751,1139,520,343,42,18,25,25,2762.09
2026-07-08,note_0003,620,85,8,28,7,2,2,0,0.0
2026-07-09,note_0003,3620,418,195,29,8,11,4,3,308.44
2026-07-10,note_0003,3707,425,285,135,22,9,13,15,1722.48
2026-07-11,note_0003,2798,197,209,92,23,26,13,7,865.28
2026-07-12,note_0003,1253,110,64,45,10,5,2,0,0.0
2026-07-13,note_0003,1894,143,94,89,3,5,3,2,182.64
2026-07-14,note_0003,2265,109,157,16,32,2,9,1,123.33
2026-07-02,note_0004,4061,548,46,202,46,36,14,13,4305.3
2026-07-03,note_0004,16042,2795,482,646,96,108,68,101,25005.43
2026-07-04,note_0004,8191,1075,344,135,119,60,24,24,6286.34
2026-07-05,note_0004,7155,464,557,360,64,66,16,7,2025.61
2026-07-06,note_0004,3445,363,55,72,35,34,9,13,4544.81
2026-07-07,note_0004,9409,1007,709,491,83,33,31,5,1473.79
2026-07-08,note_0004,6192,550,490,274,80,68,5,7,1792.29
2026-07-09,note_0004,6081,723,260,182,49,16,10,23,6898.45
2026-07-10,note_0004,7866,1161,137,308,89,45,10,28,9081.05
2026-07-11,note_0004,469,27,22,26,2,2,0,0,0.0
2026-07-12,note_0004,5349,838,89,143,36,50,23,12,3582.47
2026-07-13,note_0004,547,74,5,31,3,4,2,1,238.31
2026-07-14,note_0004,395,55,6,15,0,4,0,1,325.43
2026-07-06,note_0005,12505,949,282,95,60,147,47,31,1655.2
2026-07-07,note_0005,16451,1494,751,540,212,114,30,7,445.66
2026-07-08,note_0005,13747,863,498,147,137,108,7,23,1428.08
2026-07-09,note_0005,4136,556,219,195,7,16,23,3,145.95
2026-07-10,note_0005,8686,891,658,301,77,90,33,33,2190.59
2026-07-11,note_0005,3571,492,157,161,15,29,2,2,121.23
2026-07-12,note_0005,4978,289,395,80,34,57,13,3,172.98
2026-07-13,note_0005,6266,1105,358,324,33,46,4,42,1996.65
2026-07-14,note_0005,2241,91,62,94,23,17,5,2,122.3
2026-06-29,note_0006,16659,1078,534,636,228,31,88,37,2723.72
2026-06-30,note_0006,11615,1873,890,135,94,68,46,63,4488.05
2026-07-01,note_0006,3655,312,168,186,25,40,10,11,802.81
2026-07-02,note_0006,9627,439,609,340,48,101,50,15,1121.07
2026-07-03,note_0006,10234,1479,251,213,104,28,5,23,1552.66
2026-07-04,note_0006,11114,1349,300,502,154,38,53,25,1570.8
2026-07-05,note_0006,3952,207,158,28,51,14,12,8,636.47
2026-07-06,note_0006,1995,199,46,36,2,2,8,1,82.4
2026-07-07,note_0006,3003,398,207,23,39,31,5,3,239.19
2026-07-08,note_0006,5224,606,255,137,19,27,22,9,752.67
2026-07-09,note_0006,626,74,38,37,8,5,3,1,75.31
2026-07-10,note_0006,2896,499,160,111,32,9,15,15,905.76
2026-07-11,note_0006,1078,63,23,19,6,12,3,1,66.33
2026-07-12,note_0006,2152,362,121,73,6,2,3,10,807.62
2026-07-13,note_0006,1027,45,28,8,1,1,3,0,0.0
2026-07-14,note_0006,1302,62,47,19,12,8,3,0,0.0
2026-07-03,note_0007,17662,2748,604,680,181,160,50,11,731.58
2026-07-04,note_0007,7541,1114,427,212,46,86,5,17,1006.14
2026-07-05,note_0007,7371,552,253,116,9,83,23,12,660.16
2026-07-06,note_0007,6518,1073,435,62,14,28,26,24,1239.76
2026-07-07,note_0007,5763,254,292,247,28,13,16,6,307.95
2026-07-08,note_0007,6733,689,119,65,41,37,24,12,822.94
2026-07-09,note_0007,9060,717,678,285,98,25,33,13,820.13
2026-07-10,note_0007,4912,878,126,252,38,24,12,19,1008.28
2026-07-11,note_0007,7827,878,155,222,75,64,4,20,1351.23
2026-07-12,note_0007,390,25,21,11,0,2,0,0,0.0
2026-07-13,note_0007,1984,200,119,31,21,7,1,5,341.49
2026-07-14,note_0007,533,32,27,20,2,6,2,0,0.0
2026-07-06,note_0008,1584,145,59,89,19,4,3,2,126.15
2026-07-07,note_0008,6855,406,276,403,49,53,23,11,561.73
2026-07-08,note_0008,15080,1352,351,516,72,148,42,15,1024.77
2026-07-09,note_0008,13919,1993,703,318,172,22,78,63,3085.54
2026-07-10,note_0008,5636,256,78,108,81,14,10,5,319.02
2026-07-11,note_0008,2804,469,195,80,28,22,9,11,582.95
2026-07-12,note_0008,3783,532,68,140,29,26,11,2,113.59
2026-07-13,note_0008,1667,197,119,92,18,7,8,6,386.2
2026-07-14,note_0008,1003,50,18,22,6,9,1,1,54.79
2026-06-26,note_0009,6485,419,249,73,17,28,32,11,848.68
2026-06-27,note_0009,7712,1241,409,56,94,46,29,28,1612.68
2026-06-28,note_0009,11556,1885,861,148,123,39,55,18,1344.52
2026-06-29,note_0009,2704,233,178,147,33,22,15,8,619.81
2026-06-30,note_0009,2312,149,95,112,23,22,3,4,248.91
2026-07-01,note_0009,4605,801,135,192,64,28,20,31,1778.95
2026-07-02,note_0009,3767,659,159,36,9,17,22,12,993.4
2026-07-03,note_0009,9178,774,327,239,122,25,25,11,732.39
2026-07-04,note_0009,3051,386,102,101,28,4,14,12,747.27
2026-07-05,note_0009,4745,651,249,150,58,6,4,9,683.52
2026-07-06,note_0009,2945,406,191,17,32,23,10,5,363.4
2026-07-07,note_0009,463,64,5,10,4,1,1,0,0.0
2026-07-08,note_0009,2626,109,123,124,11,29,14,3,246.71
2026-07-09,note_0009,522,33,27,4,6,4,1,0,0.0
2026-07-10,note_0009,1376,191,62,26,3,8,1,2,163.48
2026-07-11,note_0009,1384,106,33,52,17,10,2,0,0.0
2026-07-12,note_0009,141,12,3,2,1,1,0,0,0.0
2026-07-13,note_0009,483,81,21,4,5,1,0,1,78.07
2026-07-14,note_0009,1312,150,29,46,16,15,6,4,333.64
2026-06-20,note_0010,16744,2949,416,201,138,182,43,17,1136.43
2026-06-21,note_0010,13703,1582,380,340,64,76,70,17,1161.33
2026-06-22,note_0010,10579,1832,826,402,79,108,20,34,2101.32
2026-06-23,note_0010,14095,918,751,582,208,61,67,5,272.62
2026-06-24,note_0010,12121,620,689,568,116,73,47,19,973.02
2026-06-25,note_0010,2216,226,95,34,31,13,6,7,431.22
2026-06-26,note_0010,4910,533,363,286,19,41,15,15,1039.57
2026-06-27,note_0010,3218,418,100,151,17,18,2,4,220.58
2026-06-28,note_0010,3646,378,164,132,14,30,17,0,0.0
2026-06-29,note_0010,6634,1173,160,360,77,36,30,18,1234.08
2026-06-30,note_0010,1139,143,68,59,13,12,4,0,0.0
2026-07-01,note_0010,1305,196,40,36,14,11,6,0,0.0
2026-07-02,note_0010,1153,129,41,53,15,10,3,5,309.81
2026-07-03,note_0010,140,19,6,2,0,1,0,0,0.0
2026-07-04,note_0010,1890,334,46,95,9,19,1,4,222.91
2026-07-05,note_0010,684,102,37,4,4,5,3,0,0.0
2026-07-06,note_0010,927,128,73,32,4,7,4,4,230.88
2026-07-07,note_0010,2209,106,50,73,18,14,10,0,0.0
2026-07-08,note_0010,698,38,25,22,6,3,3,0,0.0
2026-07-09,note_0010,1553,146,63,20,2,14,7,2,115.93
2026-07-10,note_0010,193,20,7,4,1,1,1,0,0.0
2026-07-11,note_0010,620,69,32,17,0,5,1,1,67.24
2026-07-12,note_0010,861,40,62,33,5,4,2,0,0.0
2026-07-13,note_0010,1639,211,55,97,11,8,8,2,97.73
2026-07-14,note_0010,2239,171,56,17,17,20,10,2,119.89
2026-06-29,note_0011,9370,1014,741,516,95,11,6,30,12408.43
2026-06-30,note_0011,5548,374,171,215,65,39,27,8,2813.01
2026-07-01,note_0011,3693,196,178,213,14,29,15,3,921.98
2026-07-02,note_0011,13212,1078,700,790,47,127,23,42,17111.26
2026-07-03,note_0011,5735,917,390,167,84,57,8,28,8873.49
2026-07-04,note_0011,4694,426,153,136,57,32,27,11,3197.47
2026-07-05,note_0011,3549,452,73,45,8,37,9,3,1171.01
2026-07-06,note_0011,3746,296,273,207,30,25,6,1,363.36
2026-07-07,note_0011,2513,207,51,23,28,12,13,1,369.53
2026-07-08,note_0011,1043,54,29,59,10,8,4,0,0.0
2026-07-09,note_0011,3605,603,62,118,23,43,3,1,342.87
2026-07-10,note_0011,3354,202,262,36,34,18,14,1,298.74
2026-07-11,note_0011,1591,280,86,19,21,8,6,4,1695.79
2026-07-12,note_0011,814,139,33,37,9,4,0,0,0.0
2026-07-13,note_0011,760,59,36,29,3,5,3,0,0.0
2026-07-14,note_0011,348,58,3,17,3,0,1,0,0.0
2026-07-05,note_0012,8110,786,410,189,118,69,41,6,416.65
2026-07-06,note_0012,15592,1010,1017,905,140,170,63,15,917.77
2026-07-07,note_0012,15039,2152,176,762,54,26,45,74,5556.47
2026-07-08,note_0012,15263,2582,769,147,96,171,41,10,603.38
2026-07-09,note_0012,9768,1670,393,76,146,35,46,29,1937.65
2026-07-10,note_0012,4999,864,137,279,37,29,16,19,1103.35
2026-07-11,note_0012,6558,803,413,212,90,41,15,5,378.82
2026-07-12,note_0012,8888,829,152,109,78,57,5,11,754.6
2026-07-13,note_0012,5351,603,343,204,43,47,28,12,798.54
2026-07-14,note_0012,3355,173,117,82,31,28,19,3,166.84
2026-07-10,note_0013,10702,454,485,588,35,98,7,12,696.74
2026-07-11,note_0013,1604,286,94,42,9,13,9,8,493.04
2026-07-12,note_0013,16177,1147,1161,119,152,139,80,36,2470.85
2026-07-13,note_0013,6479,1117,332,82,18,38,35,27,2105.5
2026-07-14,note_0013,11516,2042,398,382,151,23,9,65,5043.16
2026-06-28,note_0014,25154,1454,476,1287,84,212,145,6,2411.6
2026-06-29,note_0014,5187,493,121,275,77,13,8,17,7199.7
2026-06-30,note_0014,17339,1140,1051,857,224,138,91,28,7988.9
2026-07-01,note_0014,3572,156,254,159,6,11,15,4,1296.36
2026-07-02,note_0014,6019,416,127,263,85,7,28,7,2468.55
2026-07-03,note_0014,973,68,29,9,1,4,5,2,636.62
2026-07-04,note_0014,15480,1788,483,203,166,49,22,50,17963.23
2026-07-05,note_0014,17742,1808,921,498,87,42,77,37,13352.13
2026-07-06,note_0014,1038,160,52,61,4,3,0,1,354.93
2026-07-07,note_0014,7969,470,114,440,81,91,22,9,2727.44
2026-07-08,note_0014,8968,1328,261,125,84,96,40,10,3224.42
2026-07-09,note_0014,2813,274,92,128,28,10,7,9,3078.24
2026-07-10,note_0014,3258,414,199,129,41,8,15,13,4420.75
2026-07-11,note_0014,2476,102,90,70,34,18,12,3,972.24
2026-07-12,note_0014,3750,649,252,76,15,30,15,16,5642.77
2026-07-13,note_0014,2636,143,100,20,14,7,15,3,1039.98
2026-07-14,note_0014,2416,215,88,140,11,22,1,4,1488.73
2026-06-20,note_0015,10102,589,326,173,99,66,21,10,654.26
2026-06-21,note_0015,11808,822,403,200,123,67,61,9,524.05
2026-06-22,note_0015,10111,809,614,53,28,86,43,15,1026.31
2026-06-23,note_0015,11034,1058,751,56,58,94,40,13,622.03
2026-06-24,note_0015,6464,1076,221,121,38,75,25,36,2231.9
2026-06-25,note_0015,11700,1996,289,437,37,96,13,54,2676.02
2026-06-26,note_0015,6135,572,444,238,65,34,21,3,206.01
2026-06-27,note_0015,1625,276,107,70,2,11,8,3,140.67
2026-06-28,note_0015,6416,823,489,32,73,26,35,20,1055.23
2026-06-29,note_0015,3024,207,110,165,25,7,5,0,0.0
2026-06-30,note_0015,5909,839,185,336,64,18,6,18,1120.22
2026-07-01,note_0015,2074,188,30,72,12,13,6,1,64.52
2026-07-02,note_0015,1018,132,47,44,8,7,1,4,263.13
2026-07-03,note_0015,2343,225,116,64,17,9,10,3,194.49
2026-07-04,note_0015,2794,282,143,95,23,25,15,1,52.47
2026-07-05,note_0015,2775,134,110,114,7,8,12,1,60.28
2026-07-06,note_0015,1272,87,23,20,11,3,6,0,0.0
2026-07-07,note_0015,2732,163,41,45,18,25,12,3,190.51
2026-07-08,note_0015,1735,209,116,79,9,8,1,5,338.27
2026-07-09,note_0015,520,25,25,16,0,1,0,0,0.0
2026-07-10,note_0015,1005,106,34,47,13,6,0,1,68.7
2026-07-11,note_0015,166,26,7,7,0,1,0,0,0.0
2026-07-12,note_0015,893,53,36,42,9,9,1,1,60.22
2026-07-13,note_0015,1449,125,88,25,4,5,1,0,0.0
2026-07-14,note_0015,2171,292,80,53,9,12,6,4,249.5
2026-06-25,note_0016,17726,1062,1100,204,220,118,53,40,16507.53
2026-06-26,note_0016,9161,887,647,315,115,14,49,31,10872.32
2026-06-27,note_0016,5012,595,224,165,52,51,3,16,6747.55
2026-06-28,note_0016,2833,294,105,43,37,23,16,4,1497.56
2026-06-29,note_0016,6423,723,224,151,39,54,29,4,1601.97
2026-06-30,note_0016,8832,1291,98,444,88,81,5,42,16116.95
2026-07-01,note_0016,7858,366,104,59,17,81,41,3,948.69
2026-07-02,note_0016,7226,372,207,178,74,69,11,2,659.97
2026-07-03,note_0016,4657,748,307,164,32,36,17,9,3578.85
2026-07-04,note_0016,3191,400,192,119,10,12,3,12,4857.76
2026-07-05,note_0016,1704,225,75,64,13,4,5,1,301.87
2026-07-06,note_0016,395,16,26,18,5,0,2,0,0.0
2026-07-07,note_0016,602,35,28,26,8,3,2,1,409.69
2026-07-08,note_0016,2249,199,102,17,4,23,4,6,2537.15
2026-07-09,note_0016,1488,218,99,10,6,2,3,3,1258.26
2026-07-10,note_0016,1318,76,17,20,12,12,6,1,313.07
2026-07-11,note_0016,1255,153,58,42,15,2,4,4,1701.82
2026-07-12,note_0016,984,97,42,37,6,11,4,0,0.0
2026-07-13,note_0016,2494,342,39,132,30,17,4,4,1191.25
2026-07-14,note_0016,869,68,44,47,2,7,2,2,825.07
2026-06-29,note_0017,12197,964,341,160,131,145,73,8,603.44
2026-06-30,note_0017,10339,1731,168,321,81,54,44,19,1375.13
2026-07-01,note_0017,5058,504,312,83,37,48,29,10,694.92
2026-07-02,note_0017,12741,1307,470,73,134,59,67,46,2647.53
2026-07-03,note_0017,7167,358,118,129,41,18,38,7,477.36
2026-07-04,note_0017,10576,836,684,400,60,65,12,21,1197.75
2026-07-05,note_0017,8311,1161,112,267,23,85,49,6,335.88
2026-07-06,note_0017,3780,225,87,22,43,43,17,3,207.05
2026-07-07,note_0017,5977,617,137,229,29,62,22,22,1806.26
2026-07-08,note_0017,1545,63,109,55,8,17,8,0,0.0
2026-07-09,note_0017,4127,295,287,70,35,16,14,1,76.49
2026-07-10,note_0017,4030,295,301,113,36,20,11,8,653.87
2026-07-11,note_0017,637,85,43,21,2,4,3,0,0.0
2026-07-12,note_0017,806,139,12,5,3,4,4,4,243.59
2026-07-13,note_0017,2484,244,57,139,13,13,11,9,736.34
2026-07-14,note_0017,2150,278,159,122,19,14,9,3,215.4
2026-07-06,note_0018,16827,1950,1039,626,204,101,89,16,4892.34
2026-07-07,note_0018,9127,860,285,388,117,22,10,23,9743.13
2026-07-08,note_0018,6021,926,362,92,53,14,23,20,7409.96
2026-07-09,note_0018,12219,1175,348,282,151,131,18,31,13077.15
2026-07-10,note_0018,1799,103,40,41,17,18,4,0,0.0
2026-07-11,note_0018,8612,645,418,275,92,99,24,11,4390.19
2026-07-12,note_0018,4626,256,200,58,18,17,7,4,1146.79
2026-07-13,note_0018,7792,423,219,376,64,90,36,6,2500.2
2026-07-14,note_0018,2638,473,156,28,6,6,12,9,3189.27
2026-07-12,note_0019,19856,2176,283,973,79,210,116,8,2410.17
2026-07-13,note_0019,2997,369,94,150,36,30,6,3,1169.32
2026-07-14,note_0019,9696,838,122,300,104,16,18,17,5664.04
2026-06-21,note_0020,8733,696,185,400,96,54,45,23,1773.71
2026-06-22,note_0020,8292,864,524,422,25,43,46,32,2663.98
2026-06-23,note_0020,14939,1211,712,559,146,23,80,46,3717.02
2026-06-24,note_0020,8826,1155,649,136,44,51,50,12,711.41
2026-06-25,note_0020,5937,657,353,299,46,49,15,25,1828.22
2026-06-26,note_0020,4551,426,195,160,16,53,10,11,788.44
2026-06-27,note_0020,3072,189,170,79,23,26,9,2,155.24
2026-06-28,note_0020,7631,1113,265,346,95,21,8,32,1813.01
2026-06-29,note_0020,853,83,66,20,0,3,4,2,148.34
2026-06-30,note_0020,1858,149,60,50,24,2,8,5,335.24
2026-07-01,note_0020,5533,954,282,224,28,65,28,22,1776.43
2026-07-02,note_0020,4398,566,223,61,37,9,3,22,1298.25
2026-07-03,note_0020,1035,153,57,36,8,6,1,3,213.56
2026-07-04,note_0020,226,23,9,7,3,0,0,0,0.0
2026-07-05,note_0020,2124,101,30,59,17,14,1,3,207.15
2026-07-06,note_0020,2756,371,163,130,32,24,9,6,413.37
2026-07-07,note_0020,1833,113,113,57,3,17,7,1,73.83
2026-07-08,note_0020,672,36,21,9,6,7,1,1,71.53
2026-07-09,note_0020,1390,142,23,14,19,13,6,5,372.62
2026-07-10,note_0020,2289,293,94,55,6,13,10,10,574.28
2026-07-11,note_0020,628,101,21,11,4,2,1,0,0.0
2026-07-12,note_0020,395,30,21,5,2,4,2,0,0.0
2026-07-13,note_0020,245,16,9,11,2,2,0,0,0.0
2026-07-14,note_0020,2404,191,87,92,22,2,5,6,495.43
2026-07-02,note_0021,3043,537,118,54,20,11,6,18,5766.12
2026-07-03,note_0021,11994,1363,200,705,72,137,13,26,8024.5
2026-07-04,note_0021,3428,549,242,76,47,37,11,5,1614.34
2026-07-05,note_0021,7039,330,313,36,21,52,15,10,3341.62
2026-07-06,note_0021,13885,2487,517,317,80,118,47,24,8365.32
2026-07-07,note_0021,13378,1577,594,410,61,123,34,32,9923.56
2026-07-08,note_0021,9083,1558,652,68,81,66,43,20,4770.63
2026-07-09,note_0021,3818,322,91,39,52,32,11,12,3363.14
2026-07-10,note_0021,2423,193,46,72,28,24,13,1,286.99
2026-07-11,note_0021,5712,784,235,278,78,60,11,18,5164.91
2026-07-12,note_0021,3607,253,168,38,37,33,7,6,1526.83
2026-07-13,note_0021,3001,537,64,104,32,19,16,7,1834.98
2026-07-14,note_0021,3277,377,111,172,25,29,8,11,3204.46
2026-06-18,note_0022,8473,502,595,351,76,87,18,16,4615.75
2026-06-19,note_0022,5619,871,86,182,56,32,11,9,3342.21
2026-06-20,note_0022,12631,1448,916,92,22,131,64,44,12797.66
2026-06-21,note_0022,4702,800,83,200,15,33,25,7,1997.62
2026-06-22,note_0022,2777,257,97,94,30,22,12,6,2143.09
2026-06-23,note_0022,8225,1002,286,345,33,77,48,10,3371.52
2026-06-24,note_0022,12182,926,391,214,93,79,11,8,3255.37
2026-06-25,note_0022,7859,634,175,99,20,44,46,5,1858.87
2026-06-26,note_0022,3185,429,56,68,33,32,7,4,1691.5
2026-06-27,note_0022,5291,658,176,213,75,54,24,10,3591.13
2026-06-28,note_0022,2650,276,191,67,4,27,14,3,906.98
2026-06-29,note_0022,394,40,20,10,5,0,0,0,0.0
2026-06-30,note_0022,1160,170,53,63,15,3,4,1,408.3
2026-07-01,note_0022,3282,198,177,116,5,4,3,3,1249.94
2026-07-02,note_0022,312,39,22,16,2,0,1,1,285.34
2026-07-03,note_0022,361,61,21,16,4,3,1,0,0.0
2026-07-04,note_0022,2622,196,146,21,13,24,11,1,290.7
2026-07-05,note_0022,2358,384,141,21,24,21,3,3,968.56
2026-07-06,note_0022,2188,245,141,84,14,17,8,0,0.0
2026-07-07,note_0022,2052,265,64,118,12,9,3,10,3313.26
2026-07-08,note_0022,642,92,30,23,2,1,3,0,0.0
2026-07-09,note_0022,1843,224,106,25,5,10,7,1,420.57
2026-07-10,note_0022,1879,227,140,10,22,3,9,8,2729.37
2026-07-11,note_0022,3024,143,218,79,31,11,7,5,1727.46
2026-07-12,note_0022,2851,186,210,70,20,25,13,1,374.28
2026-07-13,note_0022,3282,390,213,151,36,6,8,4,1421.89
2026-07-14,note_0022,3241,399,146,141,39,20,8,13,3701.3
2026-07-09,note_0023,23720,1155,1032,694,251,50,123,16,781.27
2026-07-10,note_0023,17846,2902,1392,715,37,33,103,55,3227.18
2026-07-11,note_0023,13591,797,1033,68,100,157,36,8,498.71
2026-07-12,note_0023,25298,3821,1468,369,234,129,77,105,5708.01
2026-07-13,note_0023,4240,369,55,122,50,37,11,5,280.43
2026-07-14,note_0023,15073,2277,646,117,36,170,34,32,2077.66
2026-06-20,note_0024,5109,425,76,256,46,53,18,2,127.2
2026-06-21,note_0024,7023,684,432,276,104,43,22,16,1106.83
2026-06-22,note_0024,14481,998,331,680,32,108,75,15,773.37
2026-06-23,note_0024,13879,1636,317,791,134,61,28,53,3352.07
2026-06-24,note_0024,8361,574,319,390,110,56,10,15,851.82
2026-06-25,note_0024,1409,59,28,73,12,9,2,0,0.0
2026-06-26,note_0024,736,97,46,28,10,7,1,1,64.35
2026-06-27,note_0024,6362,828,326,76,8,69,31,27,1442.13
2026-06-28,note_0024,4294,289,208,143,12,40,3,7,383.59
2026-06-29,note_0024,2622,348,101,53,11,18,8,4,213.29
2026-06-30,note_0024,2906,503,226,29,33,7,16,19,903.14
2026-07-01,note_0024,2399,421,131,87,32,20,10,3,163.6
2026-07-02,note_0024,275,21,21,9,1,2,1,0,0.0
2026-07-03,note_0024,1856,293,112,26,20,9,3,6,416.16
2026-07-04,note_0024,2597,419,81,148,6,9,12,7,444.6
2026-07-05,note_0024,2426,353,145,48,9,28,11,6,399.44
2026-07-06,note_0024,1364,176,70,10,11,8,3,4,231.42
2026-07-07,note_0024,2665,359,96,158,18,22,14,14,749.81
2026-07-08,note_0024,441,72,33,25,5,3,0,2,131.04
2026-07-09,note_0024,612,74,11,11,0,4,2,1,55.12
2026-07-10,note_0024,294,26,9,15,2,1,0,0,0.0
2026-07-11,note_0024,1438,92,67,61,4,4,6,2,113.27
2026-07-12,note_0024,97,10,7,5,1,0,0,0,0.0
2026-07-13,note_0024,2158,142,37,106,23,16,6,1,56.61
2026-07-14,note_0024,2646,349,51,114,30,5,9,6,358.39
2026-07-13,note_0025,15761,2287,501,153,200,61,14,6,2241.69
2026-07-14,note_0025,8691,1164,462,267,110,101,49,14,4178.32
2026-06-24,note_0026,4193,437,260,46,58,18,3,7,427.37
2026-06-25,note_0026,4590,675,319,44,25,32,12,3,189.68
2026-06-26,note_0026,13674,938,321,279,34,82,10,12,878.12
2026-06-27,note_0026,7527,471,113,200,25,16,15,11,694.41
2026-06-28,note_0026,7094,1094,547,52,55,25,7,30,2339.8
2026-06-29,note_0026,3450,316,274,185,42,32,15,10,779.25
2026-06-30,note_0026,8394,737,303,67,27,36,12,17,1025.19
2026-07-01,note_0026,9134,740,94,424,29,52,11,28,2223.57
2026-07-02,note_0026,7636,1356,584,67,70,28,6,41,2841.02
2026-07-03,note_0026,3162,277,61,20,30,34,8,1,60.44
2026-07-04,note_0026,3994,334,317,37,42,35,13,11,756.08
2026-07-05,note_0026,145,6,5,8,0,1,0,0,0.0
2026-07-06,note_0026,347,20,22,7,1,3,1,0,0.0
2026-07-07,note_0026,561,79,37,12,6,4,2,0,0.0
2026-07-08,note_0026,1878,233,85,107,3,7,2,8,449.41
2026-07-09,note_0026,1176,47,47,40,10,9,3,0,0.0
2026-07-10,note_0026,327,50,24,6,3,0,0,1,78.24
2026-07-11,note_0026,745,48,24,18,9,5,3,1,68.3
2026-07-12,note_0026,945,144,61,14,4,9,2,5,359.0
2026-07-13,note_0026,2637,430,62,124,30,28,4,1,60.51
2026-07-14,note_0026,728,59,15,40,6,2,0,0,0.0
2026-07-10,note_0027,13479,1463,512,146,98,21,31,50,2583.13
2026-07-11,note_0027,2248,95,107,21,21,21,4,1,62.63
2026-07-12,note_0027,4429,314,111,229,24,35,7,7,475.89
2026-07-13,note_0027,6622,1029,348,176,95,46,20,37,1748.26
2026-07-14,note_0027,9251,864,663,503,42,31,31,15,886.4
2026-07-05,note_0028,14559,2244,908,782,142,104,23,54,14465.85
2026-07-06,note_0028,5898,768,159,254,87,34,15,4,1323.09
2026-07-07,note_0028,4152,234,111,126,21,34,23,3,1053.08
2026-07-08,note_0028,1409,169,34,66,4,2,5,0,0.0
2026-07-09,note_0028,1923,199,98,97,15,15,9,3,717.0
2026-07-10,note_0028,1643,219,107,88,15,3,5,7,2237.66
2026-07-11,note_0028,8571,942,632,69,84,34,9,34,10117.47
2026-07-12,note_0028,4259,475,155,66,60,41,21,14,4910.04
2026-07-13,note_0028,6480,302,452,119,81,35,11,1,344.94
2026-07-14,note_0028,6145,783,444,127,67,71,34,9,2203.84
2026-06-19,note_0029,12943,1844,139,427,177,18,68,9,676.02
2026-06-20,note_0029,16561,1110,856,388,175,196,32,33,1911.23
2026-06-21,note_0029,3760,337,125,143,53,23,11,3,172.12
2026-06-22,note_0029,12072,819,684,181,118,59,69,10,560.38
2026-06-23,note_0029,7338,321,286,300,9,74,27,9,550.06
2026-06-24,note_0029,6134,705,408,264,8,20,14,4,296.11
2026-06-25,note_0029,11702,1394,339,280,61,92,58,8,540.85
2026-06-26,note_0029,6239,830,81,93,77,17,20,5,343.31
2026-06-27,note_0029,2647,469,34,105,29,4,11,5,370.39
2026-06-28,note_0029,7045,1161,528,338,15,71,32,18,1016.91
2026-06-29,note_0029,2796,279,171,109,30,30,16,1,64.18
2026-06-30,note_0029,4103,285,85,75,9,34,14,5,372.2
2026-07-01,note_0029,1127,70,64,31,9,10,5,2,123.22
2026-07-02,note_0029,2932,372,214,79,43,11,11,4,242.84
2026-07-03,note_0029,3147,246,149,100,6,30,8,0,0.0
2026-07-04,note_0029,2365,381,89,83,31,22,13,9,601.28
2026-07-05,note_0029,654,111,39,32,3,4,3,3,229.56
2026-07-06,note_0029,2038,359,106,88,24,23,6,4,285.76
2026-07-07,note_0029,2461,122,184,16,27,18,6,3,176.0
2026-07-08,note_0029,1034,172,42,7,5,11,2,3,207.09
2026-07-09,note_0029,3057,231,215,167,3,31,15,1,68.8
2026-07-10,note_0029,3292,422,204,96,41,26,15,7,530.95
2026-07-11,note_0029,2668,403,26,21,14,29,10,15,1011.2
2026-07-12,note_0029,1231,97,74,46,9,13,4,0,0.0
2026-07-13,note_0029,467,45,8,7,3,0,1,0,0.0
2026-07-14,note_0029,2673,360,199,150,9,2,4,3,170.69
2026-06-22,note_0030,2616,261,75,54,6,8,10,3,186.04
2026-06-23,note_0030,8074,476,546,139,47,59,14,16,1017.01
2026-06-24,note_0030,4845,250,125,242,18,7,8,7,369.41
2026-06-25,note_0030,17700,1426,450,948,202,109,98,5,282.96
2026-06-26,note_0030,24827,3781,273,1180,244,198,71,104,6830.07
2026-06-27,note_0030,21873,1166,395,683,41,191,105,26,1379.4
2026-06-28,note_0030,14404,847,785,601,53,53,34,25,1360.49
2026-06-29,note_0030,9658,1300,149,369,108,84,7,2,122.09
2026-06-30,note_0030,8026,697,152,392,77,31,4,7,389.46
2026-07-01,note_0030,3628,224,211,91,28,42,8,8,453.66
2026-07-02,note_0030,935,124,66,39,9,11,4,0,0.0
2026-07-03,note_0030,2178,143,160,81,25,16,6,1,51.03
2026-07-04,note_0030,339,58,12,15,0,1,0,0,0.0
2026-07-05,note_0030,2151,382,22,47,7,21,2,10,634.73
2026-07-06,note_0030,775,96,31,10,10,3,0,2,120.64
2026-07-07,note_0030,414,33,20,12,2,4,1,0,0.0
2026-07-08,note_0030,2023,191,142,55,15,4,5,6,287.57
2026-07-09,note_0030,3987,557,266,75,5,45,19,3,203.58
2026-07-10,note_0030,5368,431,133,249,35,60,22,2,104.72
2026-07-11,note_0030,813,108,61,4,11,9,0,1,57.14
2026-07-12,note_0030,1868,159,53,104,19,8,1,5,309.05
2026-07-13,note_0030,2289,225,78,105,9,14,12,3,142.68
2026-07-14,note_0030,2529,280,85,25,23,20,8,5,332.52
2026-06-29,note_0031,9992,596,409,409,40,24,56,12,4939.71
2026-06-30,note_0031,7247,1162,501,94,10,29,14,9,2941.72
2026-07-01,note_0031,1505,240,47,77,19,15,4,2,624.92
2026-07-02,note_0031,3059,509,97,107,40,12,6,3,940.14
2026-07-03,note_0031,1605,97,85,11,6,18,8,1,319.62
2026-07-04,note_0031,2714,472,27,93,17,9,2,7,2662.79
2026-07-05,note_0031,738,106,21,24,5,8,4,1,344.58
2026-07-06,note_0031,2259,171,106,11,33,4,3,2,610.74
2026-07-07,note_0031,500,30,23,23,7,1,1,0,0.0
2026-07-08,note_0031,5635,613,282,200,21,67,12,5,1626.41
2026-07-09,note_0031,628,37,46,16,2,4,2,0,0.0
2026-07-10,note_0031,3661,232,115,102,14,36,13,7,2303.02
2026-07-11,note_0031,231,17,18,5,1,0,1,0,0.0
2026-07-12,note_0031,715,80,38,19,3,1,1,1,420.65
2026-07-13,note_0031,2258,297,94,28,15,21,4,5,1817.49
2026-07-14,note_0031,854,100,27,8,4,5,0,3,941.52
2026-07-03,note_0032,10913,1172,363,314,22,92,45,31,9653.13
2026-07-04,note_0032,11375,1592,235,579,12,36,62,63,20974.56
2026-07-05,note_0032,4428,687,154,78,44,40,22,10,3425.1
2026-07-06,note_0032,3120,248,95,15,45,6,13,9,2210.43
2026-07-07,note_0032,6459,717,382,46,69,8,20,4,1223.85
2026-07-08,note_0032,3495,527,244,127,10,16,20,5,1395.62
2026-07-09,note_0032,5536,519,240,183,40,28,17,14,4054.73
2026-07-10,note_0032,3062,164,119,93,45,18,3,3,738.3
2026-07-11,note_0032,2732,433,163,63,19,29,7,14,4594.61
2026-07-12,note_0032,2725,275,116,47,25,28,5,2,551.69
2026-07-13,note_0032,2577,229,74,23,23,29,2,1,328.85
2026-07-14,note_0032,2751,176,39,148,18,6,7,1,352.04
2026-07-07,note_0033,884,156,50,48,9,0,3,3,161.48
2026-07-08,note_0033,14652,762,801,612,130,112,79,30,1549.2
2026-07-09,note_0033,6752,751,199,120,29,76,33,20,1449.77
2026-07-10,note_0033,7443,1278,96,70,78,35,8,12,888.39
2026-07-11,note_0033,9293,786,454,449,124,90,44,17,1088.64
2026-07-12,note_0033,9029,1120,652,260,115,40,42,7,386.55
2026-07-13,note_0033,8121,375,273,228,15,95,30,14,918.11
2026-07-14,note_0033,1790,189,141,59,4,5,7,1,75.45
2026-06-21,note_0034,5818,238,84,261,32,35,16,5,375.71
2026-06-22,note_0034,12790,539,940,107,170,63,56,4,282.48
2026-06-23,note_0034,8217,332,145,265,91,18,39,11,764.16
2026-06-24,note_0034,13757,1312,936,818,119,28,80,41,2494.19
2026-06-25,note_0034,11803,1078,367,343,66,55,36,2,129.35
2026-06-26,note_0034,2312,123,45,79,5,6,11,3,245.11
2026-06-27,note_0034,8491,804,678,111,117,9,4,3,208.51
2026-06-28,note_0034,6711,1196,262,199,85,72,22,4,312.57
2026-06-29,note_0034,5942,993,382,307,28,40,15,13,863.38
2026-06-30,note_0034,4781,542,132,251,27,22,22,1,62.24
2026-07-01,note_0034,5002,591,109,116,43,15,25,11,758.87
2026-07-02,note_0034,3763,549,149,173,7,23,19,2,145.7
2026-07-03,note_0034,726,101,28,15,5,2,0,1,69.55
2026-07-04,note_0034,384,49,20,21,2,4,0,0,0.0
2026-07-05,note_0034,1771,98,125,31,15,15,7,0,0.0
2026-07-06,note_0034,1310,222,81,44,5,10,6,7,490.72
2026-07-07,note_0034,1937,140,143,114,22,9,3,2,124.6
2026-07-08,note_0034,1911,107,143,96,2,11,1,1,83.48
2026-07-09,note_0034,1123,147,34,12,7,4,5,5,330.9
2026-07-10,note_0034,1141,169,52,20,12,11,1,5,358.21
2026-07-11,note_0034,1319,208,44,67,12,2,4,2,135.04
2026-07-12,note_0034,662,95,14,4,6,6,1,3,227.14
2026-07-13,note_0034,828,99,26,43,2,6,3,2,161.81
2026-07-14,note_0034,1786,240,115,104,11,3,4,9,714.26
2026-06-21,note_0035,22422,1541,1553,391,216,112,20,44,3119.24
2026-06-22,note_0035,13011,543,857,276,134,31,35,12,678.31
2026-06-23,note_0035,9745,713,293,205,43,105,22,25,1452.84
2026-06-24,note_0035,17610,956,1383,791,46,40,75,3,202.55
2026-06-25,note_0035,13597,2375,306,569,132,49,42,59,4580.91
2026-06-26,note_0035,10276,1030,592,56,78,91,33,29,2162.58
2026-06-27,note_0035,5635,307,239,136,13,53,9,12,689.06
2026-06-28,note_0035,3561,221,159,113,8,11,13,4,287.49
2026-06-29,note_0035,1653,136,77,28,24,13,3,4,254.86
2026-06-30,note_0035,6227,324,230,76,50,25,22,3,209.26
2026-07-01,note_0035,5705,376,256,186,71,34,10,13,740.78
2026-07-02,note_0035,448,36,11,10,5,3,1,0,0.0
2026-07-03,note_0035,3172,560,144,20,3,26,8,4,229.72
2026-07-04,note_0035,2171,269,121,110,4,11,9,2,141.12
2026-07-05,note_0035,3112,300,88,84,6,5,8,8,550.73
2026-07-06,note_0035,1936,322,77,37,18,19,11,2,114.58
2026-07-07,note_0035,1192,207,23,22,7,4,3,0,0.0
2026-07-08,note_0035,1576,277,40,57,18,13,6,2,153.66
2026-07-09,note_0035,513,34,29,9,4,5,0,0,0.0
2026-07-10,note_0035,1450,129,87,53,4,8,6,4,290.19
2026-07-11,note_0035,2714,448,63,78,36,10,14,8,544.1
2026-07-12,note_0035,3204,313,222,143,7,35,15,1,62.1
2026-07-13,note_0035,794,107,36,36,3,9,2,1,60.32
2026-07-14,note_0035,2037,113,62,44,29,7,8,4,260.59
2026-07-04,note_0036,19595,2968,873,741,175,98,11,85,33728.01
2026-07-05,note_0036,4809,488,204,56,57,50,12,5,1670.02
2026-07-06,note_0036,7450,531,349,417,8,70,24,11,4452.07
2026-07-07,note_0036,10858,540,539,88,142,62,54,1,331.1
2026-07-08,note_0036,11669,1914,492,306,83,22,32,3,887.14
2026-07-09,note_0036,8590,729,241,63,41,81,4,8,2484.18
2026-07-10,note_0036,12168,812,308,374,163,45,57,5,1852.25
2026-07-11,note_0036,1496,125,62,55,21,14,6,4,1408.23
2026-07-12,note_0036,2845,291,174,126,10,27,15,1,350.55
2026-07-13,note_0036,1769,176,97,38,18,3,7,5,1707.08
2026-07-14,note_0036,3293,453,130,146,31,35,2,8,2448.03
2026-06-19,note_0037,17013,1169,1221,260,22,170,85,22,2374.26
2026-06-20,note_0037,12608,2181,460,699,145,104,67,43,4278.73
2026-06-21,note_0037,12453,1185,726,202,99,15,55,44,4303.41
2026-06-22,note_0037,8678,1370,314,409,25,30,31,8,914.25
2026-06-23,note_0037,3898,224,262,59,25,22,16,4,485.61
2026-06-24,note_0037,10349,493,377,213,20,76,8,15,1331.12
2026-06-25,note_0037,7228,313,290,237,45,18,26,4,431.74
2026-06-26,note_0037,2806,414,44,106,34,5,10,1,99.14
2026-06-27,note_0037,2107,144,79,48,20,16,10,3,375.94
2026-06-28,note_0037,541,69,26,4,6,1,2,2,225.53
2026-06-29,note_0037,3415,509,240,113,17,13,19,2,199.86
2026-06-30,note_0037,321,48,13,6,4,3,0,0,0.0
2026-07-01,note_0037,1481,167,42,70,16,4,8,5,466.77
2026-07-02,note_0037,1992,184,89,87,23,8,8,2,189.31
2026-07-03,note_0037,115,4,8,3,0,0,0,0,0.0
2026-07-04,note_0037,854,77,54,8,11,8,2,2,224.49
2026-07-05,note_0037,2081,349,155,82,22,6,11,4,500.67
2026-07-06,note_0037,836,88,19,35,10,7,1,2,189.26
2026-07-07,note_0037,1697,69,56,16,3,9,5,1,104.05
2026-07-08,note_0037,1239,109,18,56,9,12,6,2,231.86
2026-07-09,note_0037,814,143,29,10,1,5,2,3,295.95
2026-07-10,note_0037,1367,215,94,57,1,14,1,8,996.27
2026-07-11,note_0037,1780,181,41,18,4,4,6,4,397.88
2026-07-12,note_0037,2042,335,141,63,12,18,1,10,1254.66
2026-07-13,note_0037,1381,238,41,38,15,3,1,1,89.04
2026-07-14,note_0037,1993,265,105,87,2,18,3,8,765.25
2026-07-14,note_0038,15635,2695,433,812,46,137,32,103,34219.22
2026-07-12,note_0039,13215,850,958,742,92,31,78,13,1422.12
2026-07-13,note_0039,9006,583,582,264,68,74,39,2,225.19
2026-07-14,note_0039,14570,2007,774,546,174,82,69,78,8817.16
2026-06-24,note_0040,1911,222,147,112,4,2,9,6,686.93
2026-06-25,note_0040,13903,2279,159,680,67,144,15,58,6361.36
2026-06-26,note_0040,1979,82,64,55,20,6,7,0,0.0
2026-06-27,note_0040,5973,329,372,345,11,21,29,4,342.95
2026-06-28,note_0040,10337,938,801,102,127,11,56,33,3738.42
2026-06-29,note_0040,10995,1527,853,259,76,101,14,59,6789.59
2026-06-30,note_0040,679,59,35,9,6,3,2,1,116.03
2026-07-01,note_0040,3111,228,193,127,32,30,5,7,835.49
2026-07-02,note_0040,664,32,34,11,6,2,3,0,0.0
2026-07-03,note_0040,4780,529,220,218,56,57,5,6,671.21
2026-07-04,note_0040,1552,103,43,49,20,2,3,0,0.0
2026-07-05,note_0040,1293,91,101,63,15,5,4,3,259.37
2026-07-06,note_0040,741,47,44,30,7,1,3,1,100.55
2026-07-07,note_0040,2145,225,146,59,13,2,11,0,0.0
2026-07-08,note_0040,1742,229,25,84,17,9,8,6,648.26
2026-07-09,note_0040,1711,291,62,52,12,9,1,1,124.42
2026-07-10,note_0040,466,79,22,5,5,3,0,2,182.26
2026-07-11,note_0040,197,24,4,10,2,2,0,0,0.0
2026-07-12,note_0040,359,57,25,9,3,1,0,1,93.53
2026-07-13,note_0040,1633,260,87,63,12,16,5,10,1106.54
2026-07-14,note_0040,1306,95,56,42,1,9,0,1,119.52
2026-07-09,note_0041,16950,942,908,142,213,100,31,23,1091.73
2026-07-10,note_0041,27715,3330,1752,388,205,37,99,115,6405.37
2026-07-11,note_0041,18386,2572,1147,880,152,20,88,52,2748.95
2026-07-12,note_0041,8855,1317,593,276,57,92,5,44,2682.7
2026-07-13,note_0041,18112,2727,440,188,148,39,41,21,1139.4
2026-07-14,note_0041,17156,844,661,715,108,173,34,14,728.46
2026-07-03,note_0042,1091,87,43,64,3,12,5,2,106.47
2026-07-04,note_0042,13504,571,405,758,35,87,22,2,129.04
2026-07-05,note_0042,14877,1858,1132,695,167,173,21,52,2754.09
2026-07-06,note_0042,11811,1801,241,605,72,34,20,49,2584.44
2026-07-07,note_0042,9039,726,223,75,10,94,38,18,1187.67
2026-07-08,note_0042,3239,136,125,80,32,22,14,4,211.86
2026-07-09,note_0042,8640,905,260,123,24,24,31,14,969.94
2026-07-10,note_0042,7835,501,488,222,88,30,44,13,978.75
2026-07-11,note_0042,4367,370,55,178,45,29,20,7,481.99
2026-07-12,note_0042,2448,271,192,75,35,4,11,1,60.97
2026-07-13,note_0042,873,150,23,6,5,1,4,5,371.75
2026-07-14,note_0042,3830,308,168,151,22,41,11,5,288.8
2026-06-29,note_0043,1750,282,104,22,3,13,10,8,993.99
2026-06-30,note_0043,4403,448,241,249,47,11,18,14,1565.19
2026-07-01,note_0043,14415,966,829,841,114,83,46,27,2624.17
2026-07-02,note_0043,1313,119,85,74,14,12,2,3,327.69
2026-07-03,note_0043,3619,459,201,18,53,24,4,0,0.0
2026-07-04,note_0043,11407,1338,235,507,82,22,15,30,3749.87
2026-07-05,note_0043,4387,465,215,194,35,11,12,8,747.78
2026-07-06,note_0043,7918,1152,487,192,86,16,18,42,5054.06
2026-07-07,note_0043,6110,400,313,47,11,20,4,2,250.79
2026-07-08,note_0043,5727,691,322,115,43,66,17,25,2355.93
2026-07-09,note_0043,1020,175,56,6,14,11,0,6,586.19
2026-07-10,note_0043,2498,205,178,105,21,8,10,2,252.61
2026-07-11,note_0043,2689,347,31,127,5,19,14,4,382.12
2026-07-12,note_0043,1975,83,72,103,25,10,6,1,117.57
2026-07-13,note_0043,949,84,32,29,1,5,1,1,110.35
2026-07-14,note_0043,2258,243,90,128,17,18,6,3,256.18
2026-07-02,note_0044,3825,195,38,221,4,21,10,5,271.29
2026-07-03,note_0044,19878,2934,1252,1091,62,234,98,108,7505.23
2026-07-04,note_0044,24277,1750,903,1053,282,239,142,28,1453.86
2026-07-05,note_0044,10491,582,109,518,42,119,36,11,619.07
2026-07-06,note_0044,19296,932,1453,321,229,118,26,16,973.44
2026-07-07,note_0044,18659,2570,661,1027,189,103,84,32,2046.21
2026-07-08,note_0044,8151,840,161,142,49,55,41,3,146.85
2026-07-09,note_0044,21752,2779,1210,1283,87,103,23,30,1487.32
2026-07-10,note_0044,7245,1224,220,332,61,65,31,10,531.31
2026-07-11,note_0044,3637,536,253,217,12,21,5,2,97.86
2026-07-12,note_0044,4112,329,77,100,4,15,22,4,194.82
2026-07-13,note_0044,3892,573,230,130,14,15,20,16,893.9
2026-07-14,note_0044,431,22,24,4,1,3,2,0,0.0
2026-06-18,note_0045,8935,1280,134,233,53,58,34,19,7718.56
2026-06-19,note_0045,20912,1315,404,165,28,243,46,34,13752.64
2026-06-20,note_0045,25500,2358,1668,162,195,109,24,10,3468.66
2026-06-21,note_0045,7585,1078,88,381,88,50,42,18,6548.96
2026-06-22,note_0045,16362,2184,1104,872,98,118,60,57,21868.52
2026-06-23,note_0045,28672,1428,1546,362,202,115,84,11,4366.96
2026-06-24,note_0045,16970,2642,899,879,47,34,26,73,30847.62
2026-06-25,note_0045,7666,771,331,210,81,88,23,19,6954.64
2026-06-26,note_0045,9332,915,436,521,58,38,23,36,15067.19
2026-06-27,note_0045,4205,641,237,138,32,16,13,14,5494.23
2026-06-28,note_0045,10731,670,577,459,121,92,32,24,9767.65
2026-06-29,note_0045,2002,257,27,38,7,9,7,6,1937.62
2026-06-30,note_0045,3270,426,126,147,17,34,3,4,1160.35
2026-07-01,note_0045,3536,371,162,170,30,22,9,2,601.45
2026-07-02,note_0045,499,76,23,12,6,0,1,1,326.35
2026-07-03,note_0045,6178,624,474,277,14,19,9,20,8418.21
2026-07-04,note_0045,1590,158,85,83,19,14,6,5,1799.06
2026-07-05,note_0045,4879,791,250,148,62,58,24,14,5297.04
2026-07-06,note_0045,3316,328,157,100,7,26,13,8,2452.13
2026-07-07,note_0045,5765,928,69,220,64,10,14,12,4890.14
2026-07-08,note_0045,3262,438,55,157,24,3,19,16,5688.79
2026-07-09,note_0045,691,54,18,20,6,2,1,1,348.32
2026-07-10,note_0045,6496,647,289,163,25,22,13,18,5949.65
2026-07-11,note_0045,1568,263,75,75,22,15,8,7,2019.63
2026-07-12,note_0045,1446,86,52,86,16,4,8,0,0.0
2026-07-13,note_0045,2289,369,88,59,29,2,7,11,4451.88
2026-07-14,note_0045,3206,478,118,101,45,31,10,15,5779.43
2026-07-14,note_0046,14530,2590,944,574,102,39,10,59,17142.84
2026-06-24,note_0047,30334,4374,1904,1417,142,163,62,82,8776.74
2026-06-25,note_0047,13073,1887,587,481,108,151,15,51,4860.38
2026-06-26,note_0047,17036,3053,744,187,41,88,14,95,10685.95
2026-06-27,note_0047,12276,651,382,654,128,65,67,23,2514.64
2026-06-28,note_0047,22766,2651,1024,422,175,231,27,53,5263.54
2026-06-29,note_0047,4845,307,373,255,24,38,5,1,90.64
2026-06-30,note_0047,13396,917,523,67,93,105,74,23,2496.94
2026-07-01,note_0047,14521,649,526,749,16,90,42,9,832.79
2026-07-02,note_0047,6281,485,85,376,71,33,33,6,638.24
2026-07-03,note_0047,5130,712,182,150,57,29,23,25,2875.12
2026-07-04,note_0047,4421,183,175,106,32,38,6,3,301.76
2026-07-05,note_0047,3450,189,42,189,26,4,10,5,549.7
2026-07-06,note_0047,5200,633,307,227,9,49,4,7,675.01
2026-07-07,note_0047,3416,592,254,77,33,12,11,13,1644.97
2026-07-08,note_0047,494,56,6,6,1,2,0,2,202.31
2026-07-09,note_0047,3493,332,235,153,52,14,15,12,1247.09
2026-07-10,note_0047,5334,389,79,112,55,62,26,1,97.24
2026-07-11,note_0047,675,65,24,30,1,1,0,0,0.0
2026-07-12,note_0047,5352,442,115,60,63,48,25,8,822.27
2026-07-13,note_0047,3414,570,263,31,34,38,18,1,100.12
2026-07-14,note_0047,4610,281,352,75,12,10,15,4,423.31
2026-07-07,note_0048,3297,257,234,118,49,34,3,1,319.72
2026-07-08,note_0048,11478,511,620,630,160,83,31,16,5066.52
2026-07-09,note_0048,4510,394,206,153,13,28,20,13,3415.26
2026-07-10,note_0048,11617,981,274,506,18,25,19,20,5506.46
2026-07-11,note_0048,13026,1799,466,693,70,136,22,62,15630.86
2026-07-12,note_0048,10235,1432,222,245,66,61,49,13,3218.75
2026-07-13,note_0048,6932,1080,131,177,39,64,8,14,4531.51
2026-07-14,note_0048,2026,274,30,42,7,18,3,8,2085.92
2026-06-15,note_0049,17153,2536,1228,721,121,116,82,26,9129.63
2026-06-16,note_0049,5512,237,66,188,46,43,30,4,952.97
2026-06-17,note_0049,13671,1924,474,601,23,29,42,18,5443.97
2026-06-18,note_0049,1012,105,28,55,8,4,2,0,0.0
2026-06-19,note_0049,9482,422,676,185,70,18,16,1,352.02
2026-06-20,note_0049,10271,779,145,196,16,109,8,23,7846.54
2026-06-21,note_0049,7536,1291,523,215,54,48,8,50,12208.19
2026-06-22,note_0049,2499,432,33,106,16,7,14,4,1226.61
2026-06-23,note_0049,6563,356,451,296,54,71,17,6,1999.6
2026-06-24,note_0049,1871,224,96,69,4,16,2,1,304.49
2026-06-25,note_0049,4346,407,220,123,61,26,18,13,3797.12
2026-06-26,note_0049,1589,199,56,75,21,1,5,6,1648.03
2026-06-27,note_0049,1842,268,125,19,26,6,8,8,1910.19
2026-06-28,note_0049,2278,228,119,40,13,14,8,4,1375.03
2026-06-29,note_0049,1025,154,50,41,5,9,3,5,1612.62
2026-06-30,note_0049,1516,207,19,29,9,6,5,2,657.46
2026-07-01,note_0049,1248,114,91,71,14,9,3,3,1020.17
2026-07-02,note_0049,760,96,52,33,7,5,3,3,798.55
2026-07-03,note_0049,598,72,38,29,1,4,3,1,265.69
2026-07-04,note_0049,494,64,20,12,1,5,0,1,344.82
2026-07-05,note_0049,1386,60,85,21,14,14,2,2,663.99
2026-07-06,note_0049,1648,103,80,65,4,18,1,2,626.19
2026-07-07,note_0049,1867,85,21,32,2,16,10,2,619.28
2026-07-08,note_0049,586,72,23,11,1,1,3,0,0.0
2026-07-09,note_0049,1512,231,47,72,22,9,1,2,504.27
2026-07-10,note_0049,504,46,39,28,6,2,1,1,288.98
2026-07-11,note_0049,1892,117,62,106,26,15,2,4,1139.25
2026-07-12,note_0049,888,113,51,12,11,5,1,2,688.81
2026-07-13,note_0049,886,64,43,18,5,1,5,2,628.31
2026-07-14,note_0049,2260,269,77,52,2,4,10,10,2534.11
2026-06-29,note_0050,11948,1685,946,712,40,63,10,18,1658.87
2026-06-30,note_0050,14155,1253,997,632,188,96,60,49,5125.53
2026-07-01,note_0050,10796,1033,470,202,151,101,47,37,3578.24
2026-07-02,note_0050,8246,535,250,238,96,76,4,17,1877.58
2026-07-03,note_0050,1460,135,85,18,19,9,3,1,96.56
2026-07-04,note_0050,9548,915,249,162,19,51,56,22,2381.24
2026-07-05,note_0050,9185,1589,485,195,46,78,18,48,5344.54
2026-07-06,note_0050,8135,832,421,400,108,71,22,23,2549.47
2026-07-07,note_0050,3725,239,241,94,22,41,6,1,103.12
2026-07-08,note_0050,3404,368,184,71,34,28,13,1,126.59
2026-07-09,note_0050,1095,143,12,39,10,2,2,3,367.58
2026-07-10,note_0050,4068,290,177,209,27,37,12,2,218.59
2026-07-11,note_0050,2692,400,194,121,37,17,12,10,1238.98
2026-07-12,note_0050,1482,73,47,62,6,14,2,2,232.25
2026-07-13,note_0050,908,107,46,38,10,6,1,0,0.0
2026-07-14,note_0050,967,67,26,29,4,4,4,0,0.0
2026-07-10,note_0051,1816,77,90,63,20,9,3,0,0.0
2026-07-11,note_0051,9673,1273,525,103,56,100,39,13,669.92
2026-07-12,note_0051,4967,394,84,223,39,41,27,14,755.17
2026-07-13,note_0051,13019,1754,693,131,123,87,36,8,501.26
2026-07-14,note_0051,7014,578,508,100,22,61,20,10,638.35
2026-06-27,note_0052,18851,1684,1360,512,160,39,62,43,3478.61
2026-06-28,note_0052,17418,1258,215,644,144,157,47,49,2856.85
2026-06-29,note_0052,6142,932,67,135,77,59,13,28,2144.89
2026-06-30,note_0052,8876,934,398,104,104,102,5,9,686.41
2026-07-01,note_0052,4882,675,176,58,12,23,12,23,1734.87
2026-07-02,note_0052,5611,281,213,43,56,32,15,2,162.44
2026-07-03,note_0052,3294,408,216,40,5,3,13,11,839.76
2026-07-04,note_0052,3821,224,248,157,45,23,16,5,352.98
2026-07-05,note_0052,6329,758,308,229,37,63,9,8,491.14
2026-07-06,note_0052,7476,921,380,425,64,41,5,6,465.57
2026-07-07,note_0052,354,52,4,12,2,1,1,0,0.0
2026-07-08,note_0052,2154,295,25,46,21,11,6,9,527.04
2026-07-09,note_0052,2863,344,201,29,35,15,2,7,529.53
2026-07-10,note_0052,1155,84,72,16,14,8,6,0,0.0
2026-07-11,note_0052,1015,74,68,45,5,10,5,0,0.0
2026-07-12,note_0052,1229,107,83,43,15,6,3,0,0.0
2026-07-13,note_0052,2481,380,117,80,27,7,5,6,503.03
2026-07-14,note_0052,1321,111,88,13,14,4,3,3,204.62
2026-06-15,note_0053,841,46,9,28,12,5,1,0,0.0
2026-06-16,note_0053,13633,1384,1081,514,151,133,38,36,10374.25
2026-06-17,note_0053,4967,268,368,160,20,33,12,9,3286.68
2026-06-18,note_0053,5410,377,391,69,39,35,21,13,5019.37
2026-06-19,note_0053,8870,1424,489,422,21,60,33,51,17040.17
2026-06-20,note_0053,6914,1110,376,319,65,31,29,19,7444.05
2026-06-21,note_0053,4423,284,216,192,42,21,24,5,1876.27
2026-06-22,note_0053,2102,118,86,13,9,19,5,2,821.14
2026-06-23,note_0053,6916,653,184,154,48,46,7,4,1679.1
2026-06-24,note_0053,2003,346,93,89,26,15,1,2,836.18
2026-06-25,note_0053,1488,129,43,85,15,13,1,4,1428.74
2026-06-26,note_0053,1446,150,50,62,2,9,4,1,359.41
2026-06-27,note_0053,1942,148,101,83,19,20,5,4,1308.12
2026-06-28,note_0053,425,23,12,11,3,5,2,0,0.0
2026-06-29,note_0053,1410,64,91,22,6,11,4,1,312.68
2026-06-30,note_0053,629,75,15,31,6,5,1,1,359.34
2026-07-01,note_0053,1381,103,74,33,19,13,7,1,314.8
2026-07-02,note_0053,2611,243,148,35,15,4,14,5,1763.42
2026-07-03,note_0053,1818,304,25,61,6,14,8,8,2779.91
2026-07-04,note_0053,566,83,35,9,8,3,1,1,386.53
2026-07-05,note_0053,2152,315,123,23,24,3,9,5,1756.85
2026-07-06,note_0053,1809,208,133,104,26,16,8,6,2501.33
2026-07-07,note_0053,1495,208,104,86,21,15,2,6,2171.73
2026-07-08,note_0053,2094,351,133,66,18,17,1,7,2403.28
2026-07-09,note_0053,636,50,16,37,7,5,0,1,363.92
2026-07-10,note_0053,1045,61,54,57,9,8,1,1,299.37
2026-07-11,note_0053,2262,317,160,128,16,11,12,6,2523.99
2026-07-12,note_0053,672,106,28,15,7,3,2,2,809.52
2026-07-13,note_0053,2223,260,164,53,27,7,12,3,1135.78
2026-07-14,note_0053,319,56,23,15,0,2,0,1,398.19
2026-07-04,note_0054,6718,446,310,166,94,22,24,4,1367.76
2026-07-05,note_0054,17740,2047,1301,565,71,49,23,25,9011.3
2026-07-06,note_0054,15665,2526,1135,854,78,97,77,31,9762.2
2026-07-07,note_0054,14265,1432,905,414,40,128,47,49,20724.82
2026-07-08,note_0054,5019,243,303,37,38,24,4,8,2401.75
2026-07-09,note_0054,4504,774,69,154,25,29,19,25,8679.37
2026-07-10,note_0054,3169,496,236,116,5,14,1,7,2647.8
2026-07-11,note_0054,9055,891,233,201,84,45,49,22,7407.02
2026-07-12,note_0054,4441,340,127,245,52,34,2,10,3101.07
2026-07-13,note_0054,3926,614,187,159,45,40,18,11,4211.86
2026-07-14,note_0054,3130,500,35,32,39,14,12,5,1773.56
2026-07-10,note_0055,7693,485,142,459,81,62,31,1,58.32
2026-07-11,note_0055,5766,432,155,210,82,16,18,8,436.89
2026-07-12,note_0055,7737,969,352,51,98,84,33,35,2321.73
2026-07-13,note_0055,4381,228,225,167,27,12,3,2,126.04
2026-07-14,note_0055,6402,745,492,168,10,64,8,7,496.42
2026-07-05,note_0056,8407,388,399,395,50,24,44,15,1759.0
2026-07-06,note_0056,37183,4373,1664,717,90,296,200,110,13349.01
2026-07-07,note_0056,13619,2020,1005,115,154,135,59,45,5394.98
2026-07-08,note_0056,26070,2547,1769,1106,262,269,31,87,10101.06
2026-07-09,note_0056,11246,584,620,112,125,66,27,11,1304.12
2026-07-10,note_0056,9486,1255,442,339,74,36,30,31,3197.95
2026-07-11,note_0056,987,153,55,59,1,6,0,0,0.0
2026-07-12,note_0056,15448,2616,1021,728,72,158,76,80,7931.27
2026-07-13,note_0056,2105,331,114,22,8,2,7,12,1183.45
2026-07-14,note_0056,13686,828,958,250,68,48,14,21,2605.08
2026-06-23,note_0057,2231,173,144,58,31,6,3,1,69.81
2026-06-24,note_0057,13208,1354,152,758,197,54,53,7,417.12
2026-06-25,note_0057,9862,1123,557,117,48,80,8,37,2392.87
2026-06-26,note_0057,5386,553,77,141,64,37,2,8,531.48
2026-06-27,note_0057,6999,671,381,250,84,53,21,21,1145.23
2026-06-28,note_0057,5783,520,84,44,78,67,27,20,1352.7
2026-06-29,note_0057,3942,368,120,70,27,20,22,1,53.38
2026-06-30,note_0057,8933,726,326,406,95,11,12,22,1274.2
2026-07-01,note_0057,3522,252,250,166,30,10,10,3,192.34
2026-07-02,note_0057,4484,192,263,147,35,11,5,3,217.82
2026-07-03,note_0057,3700,270,289,151,13,28,6,4,278.68
2026-07-04,note_0057,1731,265,117,40,18,14,8,6,392.16
2026-07-05,note_0057,2272,184,73,86,6,5,3,5,300.05
2026-07-06,note_0057,2462,248,192,13,21,14,7,2,108.88
2026-07-07,note_0057,893,151,63,27,6,10,4,4,283.45
2026-07-08,note_0057,1851,142,20,103,12,18,1,4,262.75
2026-07-09,note_0057,1333,148,63,47,16,14,4,4,215.17
2026-07-10,note_0057,440,36,21,19,2,3,2,0,0.0
2026-07-11,note_0057,1951,332,114,91,15,9,2,6,349.41
2026-07-12,note_0057,2245,238,35,103,7,24,5,1,73.66
2026-07-13,note_0057,2036,111,25,98,27,14,2,3,166.88
2026-07-14,note_0057,2552,198,143,24,7,10,7,3,167.66
2026-07-03,note_0058,5352,522,97,316,8,11,31,19,6384.02
2026-07-04,note_0058,21414,917,298,651,292,125,16,36,11626.81
2026-07-05,note_0058,4398,263,59,122,7,35,19,3,1062.34
2026-07-06,note_0058,26762,2783,1252,704,371,164,56,20,5987.78
2026-07-07,note_0058,6091,539,286,88,81,22,11,16,6074.61
2026-07-08,note_0058,11697,1219,657,527,85,12,26,21,6664.44
2026-07-09,note_0058,14357,1934,364,439,111,138,12,52,16427.93
2026-07-10,note_0058,3084,277,157,22,5,3,5,9,3181.36
2026-07-11,note_0058,6259,278,327,193,70,53,5,8,2924.57
2026-07-12,note_0058,824,51,33,42,1,3,2,0,0.0
2026-07-13,note_0058,1230,168,15,34,13,1,1,4,1669.48
2026-07-14,note_0058,7716,1048,349,89,37,14,21,15,5294.24
2026-06-18,note_0059,9143,1423,371,263,92,96,46,8,1010.67
2026-06-19,note_0059,13931,1490,377,690,188,132,22,9,912.61
2026-06-20,note_0059,6069,364,231,326,33,72,4,11,1150.75
2026-06-21,note_0059,1764,233,69,39,18,12,5,5,496.6
2026-06-22,note_0059,7465,478,573,99,84,62,29,6,635.37
2026-06-23,note_0059,8803,998,477,522,67,104,47,19,2226.46
2026-06-24,note_0059,2660,164,62,74,15,8,9,2,171.52
2026-06-25,note_0059,2871,145,28,106,34,28,3,3,286.73
2026-06-26,note_0059,3518,441,199,165,45,11,5,3,322.97
2026-06-27,note_0059,4929,813,69,169,22,16,29,31,2680.86
2026-06-28,note_0059,3915,336,204,23,30,23,23,8,891.54
2026-06-29,note_0059,1555,236,70,89,7,10,6,8,918.18
2026-06-30,note_0059,2289,181,159,67,21,22,8,3,363.98
2026-07-01,note_0059,2309,141,74,31,3,12,6,0,0.0
2026-07-02,note_0059,2175,288,163,110,16,15,9,2,202.27
2026-07-03,note_0059,1700,194,44,78,17,7,6,3,378.94
2026-07-04,note_0059,880,55,30,21,5,10,1,1,124.82
2026-07-05,note_0059,2319,351,56,21,29,21,9,13,1310.38
2026-07-06,note_0059,2411,221,49,134,19,4,5,6,627.57
2026-07-07,note_0059,2324,210,156,45,12,19,10,5,550.9
2026-07-08,note_0059,117,7,5,5,0,0,0,0,0.0
2026-07-09,note_0059,1257,64,40,56,2,14,5,0,0.0
2026-07-10,note_0059,2586,340,92,106,13,30,5,7,885.36
2026-07-11,note_0059,321,37,7,10,4,3,0,1,117.29
2026-07-12,note_0059,1258,117,69,17,17,10,4,1,126.67
2026-07-13,note_0059,1736,304,90,91,2,7,5,8,913.31
2026-07-14,note_0059,2643,366,82,50,22,7,8,1,104.24
2026-06-30,note_0060,10826,1230,216,123,110,30,13,2,193.7
2026-07-01,note_0060,11223,645,743,590,19,89,63,7,759.14
2026-07-02,note_0060,3462,151,271,122,6,35,5,1,111.14
2026-07-03,note_0060,4247,395,160,249,8,21,20,9,1128.32
2026-07-04,note_0060,13921,1128,337,195,88,79,13,35,4160.04
2026-07-05,note_0060,2668,133,101,15,2,30,3,1,117.19
2026-07-06,note_0060,4599,584,55,274,43,19,17,17,1857.7
2026-07-07,note_0060,5439,825,332,259,31,11,7,25,3127.78
2026-07-08,note_0060,6528,747,266,115,23,34,28,26,3171.16
2026-07-09,note_0060,2612,166,72,79,30,22,12,4,404.04
2026-07-10,note_0060,6041,379,335,124,58,35,9,6,535.11
2026-07-11,note_0060,1456,203,93,24,16,3,5,6,605.3
2026-07-12,note_0060,440,23,13,15,6,5,2,0,0.0
2026-07-13,note_0060,759,68,15,25,8,1,4,2,173.29
2026-07-14,note_0060,1972,273,68,71,26,23,8,3,292.82
